,starts,ends
0,98.015,111.48599999999999
1,239.322,255.839
2,307.14,309.434
3,440.69,447.781
4,650.316,658.658
5,953.9110000000001,1003.419
6,1086.335,1117.658
7,1211.627,1216.632
8,2314.854,2334.374
9,2376.749,2383.631
10,2428.217,2502.125
11,2503.96,2515.179
12,2537.243,2546.961
13,2597.97,2617.156
14,2742.239,2765.346
